{
  "name": "electron-quick-start",
  "version": "1.0.0",
  "description": "A minimal Electron application",
  "main": "main.js",
  "scripts": {
    "start": "electron ."
  },
  "repository": "https://github.com/electron/electron-quick-start",
  "keywords": [
    "Electron",
    "quick",
    "start",
    "tutorial",
    "demo"
  ],
  "author": "GitHub",
  "license": "CC0-1.0",
  "devDependencies": {
    "electron": "^11.2.3"
  },
  "dependencies": {
    "custom-electron-titlebar": "^3.2.6",
    "electron-localshortcut": "^3.2.1",
    "electron-package": "^0.1.0",
    "electron-tabs": "^0.15.0",
    "firebase": "^8.2.9"
  }
}
